
{"GOOG": "{\"Open\":{\"1514851200000\":1048.339966,\"1514937600000\":1064.310059,\"1515024000000\":1088.0,\"1515110400000\":1094.0,\"1515369600000\":1102.22998,\"1515456000000\":1109.400024},\"High\":{\"1514851200000\":1066.939941,\"1514937600000\":1086.290039,\"1515024000000\":1093.569946,\"1515110400000\":1104.25,\"1515369600000\":1111.27002,\"1515456000000\":1110.569946},\"Low\":{\"1514851200000\":1045.22998,\"1514937600000\":1063.209961,\"1515024000000\":1084.001953,\"1515110400000\":1092.0,\"1515369600000\":1101.619995,\"1515456000000\":1101.230713},\"Close\":{\"1514851200000\":1065.0,\"1514937600000\":1082.47998,\"1515024000000\":1086.400024,\"1515110400000\":1102.22998,\"1515369600000\":1106.939941,\"1515456000000\":1106.26001},\"Adj Close\":{\"1514851200000\":1065.0,\"1514937600000\":1082.47998,\"1515024000000\":1086.400024,\"1515110400000\":1102.22998,\"1515369600000\":1106.939941,\"1515456000000\":1106.26001},\"Volume\":{\"1514851200000\":1237600,\"1514937600000\":1430200,\"1515024000000\":1004600,\"1515110400000\":1279100,\"1515369600000\":1008000,\"1515456000000\":869806}}", "AAPL": "{\"Open\":{\"1514851200000\":170.160004,\"1514937600000\":172.529999,\"1515024000000\":172.539993,\"1515110400000\":173.440002,\"1515369600000\":174.350006,\"1515456000000\":174.550003},\"High\":{\"1514851200000\":172.300003,\"1514937600000\":174.550003,\"1515024000000\":173.470001,\"1515110400000\":175.369995,\"1515369600000\":175.610001,\"1515456000000\":175.059998},\"Low\":{\"1514851200000\":169.259995,\"1514937600000\":171.960007,\"1515024000000\":172.080002,\"1515110400000\":173.050003,\"1515369600000\":173.929993,\"1515456000000\":173.410004},\"Close\":{\"1514851200000\":172.259995,\"1514937600000\":172.229996,\"1515024000000\":173.029999,\"1515110400000\":175.0,\"1515369600000\":174.350006,\"1515456000000\":174.330002},\"Adj Close\":{\"1514851200000\":172.259995,\"1514937600000\":172.229996,\"1515024000000\":173.029999,\"1515110400000\":175.0,\"1515369600000\":174.350006,\"1515456000000\":174.330002},\"Volume\":{\"1514851200000\":25555900,\"1514937600000\":29517900,\"1515024000000\":22434600,\"1515110400000\":23660000,\"1515369600000\":20225300,\"1515456000000\":20786571}}"}
